{
  "source": "scripts/solve_kinematics (LS, ridge 1e-4)",
  "n_poses": 10,
  "rpy_convention": "XYZ (R=Rz@Ry@Rx)",
  "base_frame": "controller flangeInBase == URDF xMateSR5_base",
  "fit_mm": {
    "max": 1.22,
    "mean": 0.72
  },
  "leave_one_out_mm": {
    "max": 2.17,
    "mean": 1.45
  },
  "corrected_link_xyz_m": {
    "base": [
      0.00026504593639408656,
      -3.509020585680019e-05,
      0.009742306942586407
    ],
    "link1": [
      0.0002650459363908933,
      -3.509020582032665e-05,
      0.33774230693790586
    ],
    "link2": [
      -0.0004241098430041188,
      -3.816421012862134e-05,
      0.009742306941724566
    ],
    "link3": [
      0.049671912266846203,
      -3.8164209480447145e-05,
      0.3996783703132188
    ],
    "link4": [
      -0.04973238064870801,
      -3.8164209504639544e-05,
      0.3998013832175103
    ],
    "link5": [
      -8.07286103924953e-05,
      0.1355153100021268,
      -0.00019861678731689672
    ],
    "link6": [
      0.00025837411888825234,
      -0.00048468999693008135,
      0.1036964820864968
    ],
    "flange": [
      -0.00011461674670305766,
      -0.0001837097372945273,
      0.00019648208481125667
    ]
  }
}